{"Train-Loss": 0.1732867956161499, "Train-Acc": 0.625, "_timestamp": 1706088323.4636323, "_runtime": 15.502873420715332, "_step": 0, "_wandb": {"runtime": 19}}