{"Train-Loss": NaN, "Train-Acc": 0.0, "_timestamp": 1706238511.4109833, "_runtime": 2156.640602350235, "_step": 181, "Validation-Loss": NaN, "Validation-Acc": 0.0, "_wandb": {"runtime": 2472}}